{
  "train_loss": [
    1.1676618695259093,
    1.1120856404304504,
    1.0709945738315583,
    1.041609537601471,
    1.0006946802139283,
    0.9857026159763336,
    0.9335838794708252,
    0.9135647594928742,
    0.859807288646698,
    0.8353154480457305,
    0.8094902813434601,
    0.772783225774765,
    0.7619395852088928,
    0.758580619096756,
    0.7479967892169952,
    0.716561907529831,
    0.7030831754207612,
    0.7101676940917969,
    0.6978240609169006,
    0.6950961470603942,
    0.6898247241973877,
    0.6652640998363495,
    0.6730407834053039,
    0.6721524357795715,
    0.6774840354919434,
    0.6648093938827515,
    0.6590251922607422,
    0.6660350501537323,
    0.6581075310707092,
    0.6534590661525727
  ],
  "train_acc": [
    0.1625,
    0.2375,
    0.3375,
    0.425,
    0.5375,
    0.5625,
    0.7,
    0.6625,
    0.775,
    0.8375,
    0.8625,
    0.925,
    0.975,
    0.925,
    0.9625,
    0.9875,
    0.9875,
    0.9625,
    1.0,
    0.975,
    0.9875,
    1.0,
    1.0,
    0.9875,
    0.9875,
    1.0,
    0.9875,
    0.9875,
    1.0,
    1.0
  ],
  "val_loss": [
    1.1710657835006715,
    1.2167091608047484,
    1.1637664794921876,
    1.2202244997024536,
    1.2165847539901733,
    1.2735183238983154,
    1.2895860910415649,
    1.363463830947876,
    1.3302306652069091,
    1.3813619375228883,
    1.3552311658859253,
    1.3553302764892579,
    1.3473092555999755,
    1.360886240005493,
    1.3642064809799195,
    1.4305243730545043,
    1.433964204788208,
    1.3349074602127076,
    1.4054046154022217,
    1.2855575799942016,
    1.309027123451233,
    1.3794929265975953,
    1.3510528087615967,
    1.344953441619873,
    1.41261944770813,
    1.4445093870162964,
    1.3709403038024903,
    1.3796389818191528,
    1.3501933813095093,
    1.316000485420227
  ],
  "val_acc": [
    0.1,
    0.1,
    0.0,
    0.1,
    0.1,
    0.0,
    0.0,
    0.0,
    0.1,
    0.05,
    0.1,
    0.1,
    0.1,
    0.1,
    0.05,
    0.2,
    0.2,
    0.05,
    0.0,
    0.2,
    0.15,
    0.0,
    0.15,
    0.2,
    0.2,
    0.2,
    0.0,
    0.0,
    0.0,
    0.1
  ]
}