{
  "train_loss": [
    1.9037975717473914,
    1.294912420378791,
    1.1822818853237012,
    1.1807026165503043,
    1.1676450826503613,
    1.1544772351229633,
    1.1547246659243549,
    1.1345935962818288,
    1.1381690864209775,
    1.1310980302316171,
    1.1334834703692684,
    1.1274084709308765,
    1.1274375553484317,
    1.1104627362004034,
    1.110572134123908,
    1.1090610910345007,
    1.1042942771205195,
    1.103909808618051,
    1.091909772378427,
    1.0947541033780133,
    1.0899290323257447,
    1.0873154211927343,
    1.0749428082395482,
    1.0683354457219443,
    1.0665227527971621,
    1.0545038797237254,
    1.0556608778459053,
    1.0420416319811785,
    1.025878808233473,
    1.0228625341697974
  ],
  "train_acc": [
    0.5981481481481481,
    0.8537037037037037,
    0.8629629629629629,
    0.8666666666666667,
    0.8777777777777778,
    0.8814814814814815,
    0.8833333333333333,
    0.8888888888888888,
    0.8833333333333333,
    0.8888888888888888,
    0.8962962962962963,
    0.8833333333333333,
    0.8944444444444445,
    0.8888888888888888,
    0.9037037037037037,
    0.9074074074074074,
    0.9074074074074074,
    0.8981481481481481,
    0.912962962962963,
    0.9092592592592592,
    0.9148148148148149,
    0.9166666666666666,
    0.924074074074074,
    0.9296296296296296,
    0.9333333333333333,
    0.9388888888888889,
    0.9296296296296296,
    0.9481481481481482,
    0.9611111111111111,
    0.9611111111111111
  ],
  "val_loss": [
    2.11859130859375,
    1.2481660702649284,
    1.600905839134665,
    1.166797301348518,
    1.1540408905814676,
    1.144181574092192,
    1.1511967673021204,
    1.1715661497677075,
    1.1493907395531149,
    1.1645698687609505,
    1.1854722219354965,
    1.1787763413260965,
    1.14971240829019,
    1.19766646974227,
    1.150229243671193,
    1.2225619063657873,
    1.1707825099720675,
    1.1923116796156938,
    1.197552526698393,
    1.542179304010728,
    1.318280248080983,
    1.174643502515905,
    1.2943993175730986,
    2.098069667816162,
    1.3611631814171286,
    2.0002839845769547,
    1.3115914989920223,
    1.2224629696677713,
    1.2151444308898027,
    1.217112099423128
  ],
  "val_acc": [
    0.3602941176470588,
    0.8602941176470589,
    0.7720588235294118,
    0.8676470588235294,
    0.8676470588235294,
    0.8676470588235294,
    0.8602941176470589,
    0.8529411764705882,
    0.8529411764705882,
    0.875,
    0.8529411764705882,
    0.8823529411764706,
    0.8529411764705882,
    0.8382352941176471,
    0.8602941176470589,
    0.8529411764705882,
    0.8529411764705882,
    0.8602941176470589,
    0.8529411764705882,
    0.7426470588235294,
    0.8455882352941176,
    0.8602941176470589,
    0.8308823529411765,
    0.38235294117647056,
    0.8014705882352942,
    0.4117647058823529,
    0.8382352941176471,
    0.8602941176470589,
    0.8529411764705882,
    0.875
  ]
}