{
  "train_loss": [
    2.6948320784568787,
    2.253977767944336,
    2.0928809089660643
  ],
  "train_acc": [
    0.2125,
    0.2105,
    0.3465
  ],
  "val_loss": [
    2.3619295387268067,
    2.1982743892669676,
    2.061665786743164
  ],
  "val_acc": [
    0.224,
    0.268,
    0.402
  ]
}