{
  "train_loss": [
    2.7170149240493773,
    2.5045037899017335,
    2.418081603050232
  ],
  "train_acc": [
    0.221,
    0.284,
    0.3595
  ],
  "val_loss": [
    2.5763646049499513,
    2.482730401992798,
    2.3925610179901122
  ],
  "val_acc": [
    0.272,
    0.308,
    0.428
  ]
}