{
  "train_loss": [
    2.326976622475518,
    1.965668100780911,
    1.6014422672766226
  ],
  "train_acc": [
    0.5703703703703704,
    0.8407407407407408,
    0.8537037037037037
  ],
  "val_loss": [
    2.155980488833259,
    1.7467933332218843,
    1.4091156931484448
  ],
  "val_acc": [
    0.8823529411764706,
    0.875,
    0.8602941176470589
  ]
}