{
  "train_loss": [
    0.16312745213508606,
    0.12047555297613144,
    0.10913921147584915
  ],
  "train_acc": [
    0.0,
    0.5,
    0.5
  ],
  "val_loss": [
    0.11515592038631439,
    0.11037790775299072,
    0.10887932032346725
  ],
  "val_acc": [
    1.0,
    1.0,
    1.0
  ]
}