{
  "train_loss": [
    0.7449558466121002,
    0.4486812863085005,
    0.389008364201463
  ],
  "train_acc": [
    0.7592592592592592,
    0.8185185185185184,
    0.8425925925925926
  ],
  "val_loss": [
    1.7957917732350968,
    0.5750365895493066,
    0.3506725931851018
  ],
  "val_acc": [
    0.3897058823529412,
    0.8382352941176471,
    0.8529411764705883
  ]
}