{
  "train_loss": [
    1.1926184260326884,
    0.8909949655118196,
    0.8308656692504883,
    0.8407599889713785,
    0.8261889965637871,
    0.7974512551141821,
    0.8007730701695318,
    0.7933022276214932,
    0.7958054806875146,
    0.7833461740742559,
    0.7859448692072992,
    0.7969428280125493,
    0.8008848449458247,
    0.7807018798330556,
    0.7899419172950413,
    0.7878953202911045,
    0.7844464903292448,
    0.7932654956112737,
    0.777501656698144,
    0.7712861190671506,
    0.7723582003427588,
    0.7690787802571836,
    0.7806773590004963,
    0.7712053641029026,
    0.7809741108313851,
    0.775821272186611,
    0.7651610006456789,
    0.772465819897859,
    0.7620109656582708,
    0.7622343954832658
  ],
  "train_acc": [
    0.6652173913043479,
    0.9434782608695652,
    0.9804347826086957,
    0.9847826086956522,
    0.9739130434782609,
    0.991304347826087,
    0.9978260869565218,
    0.9956521739130435,
    0.9956521739130435,
    1.0,
    0.9978260869565218,
    0.991304347826087,
    0.9934782608695653,
    0.9934782608695653,
    0.9956521739130435,
    0.9934782608695653,
    0.9956521739130435,
    0.9978260869565218,
    0.991304347826087,
    1.0,
    0.9978260869565218,
    0.9978260869565218,
    0.991304347826087,
    0.9956521739130435,
    0.9978260869565218,
    0.9978260869565218,
    1.0,
    0.9956521739130435,
    1.0,
    1.0
  ],
  "val_loss": [
    1.393627327063988,
    0.8820514925594988,
    0.7770596290456837,
    0.778493490712396,
    0.773523655431024,
    0.7706618103487738,
    0.8365443513311189,
    0.7561349539921202,
    0.7611923135560135,
    0.8106328495617571,
    0.7751762147607475,
    0.7599730984918003,
    0.7646112811976465,
    0.7470037937164307,
    0.7617262478532463,
    0.7490368732090654,
    0.7625117671900782,
    0.7693498237379666,
    0.7942059779989308,
    0.750576191935046,
    0.7475026722612053,
    0.7549457406175548,
    0.746750178008244,
    0.7537658913382168,
    0.7490151134030573,
    0.7611437666005102,
    0.7475658737379929,
    0.756624673974925,
    0.753379016086973,
    0.7498830782956091
  ],
  "val_acc": [
    0.29310344827586204,
    0.9741379310344828,
    0.9913793103448276,
    0.9913793103448276,
    1.0,
    0.9827586206896551,
    0.9913793103448276,
    1.0,
    1.0,
    1.0,
    1.0,
    1.0,
    1.0,
    1.0,
    1.0,
    1.0,
    1.0,
    1.0,
    0.9913793103448276,
    1.0,
    1.0,
    1.0,
    1.0,
    1.0,
    1.0,
    1.0,
    1.0,
    1.0,
    0.9913793103448276,
    1.0
  ]
}