{
  "train_loss": [
    1.1075421132738628,
    0.9733069363094512,
    0.9293246428171794,
    0.8941366305426945,
    0.8698799697179643,
    0.8498131572254121,
    0.8323549747467041,
    0.8152027466940501,
    0.8008444176779853,
    0.7920942862828573,
    0.783958641688029,
    0.7690909147262573,
    0.7591841603082324,
    0.7562961544309343,
    0.7492035163773431
  ],
  "train_acc": [
    0.5026785714285714,
    0.6596230158730159,
    0.7042658730158731,
    0.7427579365079365,
    0.7606150793650793,
    0.7861111111111111,
    0.8023809523809524,
    0.8197420634920635,
    0.8308531746031746,
    0.839781746031746,
    0.8492063492063492,
    0.8624007936507937,
    0.8699404761904762,
    0.8748015873015873,
    0.881547619047619
  ],
  "val_loss": [
    1.431620873345269,
    1.4254012153262183,
    1.412391077526032,
    1.2055047065492661,
    1.2912364289874123,
    1.2999262102066524,
    1.4566353597338237,
    1.4233498410573082,
    1.3093485457556588,
    1.4359296272671411,
    1.4602755069732667,
    1.2796285894181993,
    1.4796029446617005,
    1.4490720506698367,
    1.289419356225029
  ],
  "val_acc": [
    0.08134920634920635,
    0.1365079365079365,
    0.08452380952380953,
    0.3825396825396825,
    0.31706349206349205,
    0.2904761904761905,
    0.15793650793650793,
    0.21825396825396826,
    0.33095238095238094,
    0.1503968253968254,
    0.1484126984126984,
    0.3634920634920635,
    0.12261904761904761,
    0.22023809523809523,
    0.35912698412698413
  ]
}