{
  "train_loss": [
    1.0873691392323328,
    0.9686050169430082,
    0.923343469718146,
    0.8913698896529183,
    0.8628298829093812,
    0.8456454041647533,
    0.8289744549705869,
    0.8204869561725192,
    0.8060311061616928,
    0.7931229832058861
  ],
  "train_acc": [
    0.5260317460317461,
    0.6619047619047619,
    0.7076190476190476,
    0.7382539682539683,
    0.7722222222222223,
    0.7848412698412699,
    0.8047619047619048,
    0.8134126984126984,
    0.8256349206349206,
    0.8414285714285714
  ],
  "val_loss": [
    1.615858260260688,
    1.7070595796019943,
    1.690021051477503,
    1.520959302407724,
    1.6404319182148686,
    1.6123296426843714,
    1.6683954166482997,
    1.7330254219196461,
    1.6268749991169682,
    1.8911833630667791
  ],
  "val_acc": [
    0.0,
    0.013518518518518518,
    0.0,
    0.0005555555555555556,
    0.0,
    0.03796296296296296,
    0.005185185185185185,
    0.00037037037037037035,
    0.023703703703703703,
    0.0
  ]
}