{
  "train_loss": [
    2.5717115114605615,
    2.1797013074632674,
    2.0178342698112366,
    1.912097476020692,
    1.8509250527336485,
    1.7746289518144396,
    1.7396815549759639,
    1.7037979008659483,
    1.6543435902822585,
    1.6132280561659071,
    1.5844353357950847,
    1.556067879237826,
    1.5307951272480071,
    1.4985526769880264,
    1.4799861397062029,
    1.4756138003061687,
    1.4540231084066724,
    1.4260524825444296,
    1.4126687451014444,
    1.4077117700425406
  ],
  "train_acc": [
    0.4808531746031746,
    0.6191468253968254,
    0.6785714285714286,
    0.7151785714285714,
    0.7468253968253968,
    0.7722222222222223,
    0.7906746031746031,
    0.8161706349206349,
    0.8271825396825396,
    0.8432539682539683,
    0.8494047619047619,
    0.8680555555555556,
    0.8729166666666667,
    0.8841269841269841,
    0.8936507936507937,
    0.8960317460317461,
    0.9018849206349207,
    0.9157738095238095,
    0.917063492063492,
    0.9197420634920634
  ],
  "val_loss": [
    4.46226667298211,
    4.375517698318239,
    5.053521489340161,
    4.550675161301144,
    6.064140984368703,
    4.250487024821933,
    6.186070307474288,
    5.905391980731298,
    5.4014548680138965,
    3.0980504179757737,
    3.3319903903537327,
    3.1369648895566424,
    3.931098972804963,
    4.083511036161393,
    8.11337874881805,
    6.004219818115234,
    5.978033846900576,
    5.045675407894074,
    3.2796228764549133,
    6.907206332494342
  ],
  "val_acc": [
    0.14603174603174604,
    0.1761904761904762,
    0.10357142857142858,
    0.20357142857142857,
    0.07222222222222222,
    0.24404761904761904,
    0.08888888888888889,
    0.10714285714285714,
    0.09642857142857143,
    0.4242063492063492,
    0.3603174603174603,
    0.3353174603174603,
    0.2734126984126984,
    0.23452380952380952,
    0.06388888888888888,
    0.12023809523809524,
    0.11190476190476191,
    0.1884920634920635,
    0.3861111111111111,
    0.08333333333333333
  ]
}