{
  "train_loss": [
    1.3804495304349869,
    1.3325825971270364,
    1.3016232583257887,
    1.2852811158649504,
    1.2677229048713805,
    1.2479383222640508,
    1.2317275452235388,
    1.2271544812217592,
    1.2017861441960411,
    1.1910817730994452,
    1.1741346970437065,
    1.1691073094095503,
    1.1609875427352057,
    1.1472937916952466,
    1.1342115411682734,
    1.1223522591212438,
    1.1163446379086328,
    1.1090172555711535,
    1.1001087474444555,
    1.0903410826410567
  ],
  "train_acc": [
    0.8081349206349207,
    0.827579365079365,
    0.8377976190476191,
    0.8496031746031746,
    0.8584325396825396,
    0.864484126984127,
    0.8711309523809524,
    0.8725198412698413,
    0.883531746031746,
    0.8878968253968254,
    0.8959325396825397,
    0.8979166666666667,
    0.9029761904761905,
    0.9052579365079365,
    0.9142857142857143,
    0.9192460317460317,
    0.9197420634920634,
    0.921031746031746,
    0.9260912698412699,
    0.9299603174603175
  ],
  "val_loss": [
    1.6242833731666444,
    1.7584905185396709,
    1.640734868957883,
    1.5649151938302177,
    1.5387504645756314,
    1.669407536113073,
    1.608183305225675,
    1.6499852922227647,
    1.6717454092843191,
    1.6768489860353015,
    1.5017721940600683,
    1.5731180717074682,
    1.944686528236147,
    1.7460752479613773,
    1.8495643146454341,
    1.8435153435146998,
    1.736226835704985,
    1.5061632277473571,
    1.5303232389783101,
    1.8642565961868043
  ],
  "val_acc": [
    0.6896825396825397,
    0.6384920634920634,
    0.6900793650793651,
    0.7174603174603175,
    0.7261904761904762,
    0.6718253968253968,
    0.7015873015873015,
    0.6785714285714286,
    0.6706349206349206,
    0.682936507936508,
    0.75,
    0.7202380952380952,
    0.5718253968253968,
    0.6531746031746032,
    0.6126984126984127,
    0.6142857142857143,
    0.665079365079365,
    0.7527777777777778,
    0.7396825396825397,
    0.6071428571428571
  ]
}