{
  "train_loss": [
    1.1817766229311626,
    1.060334066549937,
    1.023270696401596,
    0.9866602023442587,
    0.9453733861446381,
    0.9247915943463644,
    0.8566711445649465,
    0.8306425511837006,
    0.7653678754965464,
    0.7849971552689871
  ],
  "train_acc": [
    0.08333333333333333,
    0.375,
    0.4166666666666667,
    0.5833333333333334,
    0.6666666666666666,
    0.7916666666666666,
    0.75,
    0.9583333333333334,
    0.9166666666666666,
    0.9166666666666666
  ],
  "val_loss": [
    1.211153268814087,
    1.181186596552531,
    1.1184202432632446,
    1.0921297470728557,
    1.1691599289576213,
    1.0221120516459148,
    0.9938448270161947,
    1.0398113528887432,
    1.0346819162368774,
    1.1026201248168945
  ],
  "val_acc": [
    0.0,
    0.0,
    0.0,
    0.3333333333333333,
    0.0,
    0.5,
    0.6666666666666666,
    0.5,
    0.5,
    0.16666666666666666
  ]
}