{
  "train_loss": [
    2.371131911101165,
    2.1143739647335478,
    1.8853726863861084
  ],
  "train_acc": [
    0.37777777777777777,
    0.8351851851851851,
    0.8592592592592593
  ],
  "val_loss": [
    2.2262351793401383,
    1.9888201811734367,
    1.7569277006037094
  ],
  "val_acc": [
    0.8014705882352942,
    0.8823529411764706,
    0.8676470588235294
  ]
}