{
  "egohands": {
    "final_train_acc": 100.0,
    "final_val_acc": 100.0,
    "best_val_acc": 100.0,
    "final_train_loss": 0.7622343954832658,
    "final_val_loss": 0.7498830782956091,
    "train_val_gap": 0.0,
    "val_std_last_10": 0.25862068965517154
  },
  "unified": {
    "final_train_acc": 96.11111111111111,
    "final_val_acc": 87.5,
    "best_val_acc": 88.23529411764706,
    "final_train_loss": 1.0228625341697974,
    "final_val_loss": 1.217112099423128,
    "train_val_gap": 8.611111111111114,
    "val_std_last_10": 18.052331655514536
  },
  "improvements": {
    "val_acc_improvement": -12.5,
    "gap_reduction": -8.611111111111114,
    "stability_improvement": -17.793710965859365
  }
}