{
  "teacher_accuracy": 0.06,
  "student_accuracy": 0.115,
  "agreement": 0.025,
  "feature_similarity": {
    "cosine_similarity": 0.0011339480988681316,
    "mse": 0.0039018208626657724,
    "correlation": 0.0013025711523368955
  },
  "teacher_latency": {
    "mean_ms": 17.62201625853777,
    "std_ms": 0.5170931556478974,
    "min_ms": 16.67524967342615,
    "max_ms": 19.208125304430723,
    "p50_ms": 17.609146190807223,
    "p95_ms": 18.521451740525663
  },
  "student_latency": {
    "mean_ms": 13.743781209923327,
    "std_ms": 0.7407902135056256,
    "min_ms": 12.41970807313919,
    "max_ms": 16.153833363205194,
    "p50_ms": 13.57841631397605,
    "p95_ms": 14.966237358748913
  },
  "teacher_params": 151936523,
  "student_params": 2302458,
  "teacher_size_mb": 579.6144561767578,
  "student_size_mb": 8.799110412597656
}