{
  "train_loss": [
    1.214833825826645,
    1.1418015122413636,
    1.0835232615470887,
    1.0249195575714112,
    0.9431958764791488
  ],
  "train_acc": [
    0.0625,
    0.20625,
    0.45625,
    0.525,
    0.69375
  ],
  "val_loss": [
    1.1836397647857666,
    1.1735649347305297,
    1.1836852312088013,
    1.201376700401306,
    1.2346861362457275
  ],
  "val_acc": [
    0.05,
    0.025,
    0.075,
    0.05,
    0.05
  ]
}