{
  "train_loss": [
    0.7143813504389038,
    0.37949217542040126,
    0.3348056132905185
  ],
  "train_acc": [
    0.7833333333333333,
    0.8574074074074075,
    0.8685185185185185
  ],
  "val_loss": [
    0.35985081741048763,
    0.3651290411403084,
    0.33918849348479213
  ],
  "val_acc": [
    0.8602941176470589,
    0.8529411764705883,
    0.8602941176470589
  ]
}