{
  "train_loss": [
    2.1474889755249023,
    2.0554709434509277,
    2.028359317779541,
    2.005246472358704,
    1.9805817604064941,
    1.9425238847732544,
    1.9194926500320435,
    1.9211911678314209,
    1.9016421556472778,
    1.8571437358856202,
    1.8541131734848022,
    1.8290486812591553,
    1.7972172975540162,
    1.769306755065918,
    1.7431860208511352,
    1.7064182758331299,
    1.7110504150390624,
    1.6776748895645142,
    1.6045689344406129,
    1.6015061855316162,
    1.5449305057525635,
    1.5721816778182984,
    1.4838990449905396,
    1.4830766677856446,
    1.4682124614715577,
    1.4307088136672974,
    1.4374701261520386,
    1.4112243890762328,
    1.3780157804489135,
    1.3453321933746338
  ],
  "train_acc": [
    0.1,
    0.1125,
    0.125,
    0.225,
    0.25,
    0.35,
    0.3625,
    0.2875,
    0.325,
    0.425,
    0.4375,
    0.425,
    0.475,
    0.5625,
    0.4875,
    0.55,
    0.5625,
    0.6125,
    0.725,
    0.675,
    0.725,
    0.7,
    0.7625,
    0.7625,
    0.7625,
    0.825,
    0.8375,
    0.8,
    0.8375,
    0.85
  ],
  "val_loss": [
    2.0412241935729982,
    2.095547676086426,
    2.080790901184082,
    2.060822296142578,
    2.19510235786438,
    2.045264482498169,
    2.0910648822784426,
    2.1360153198242187,
    2.154588985443115,
    2.1497368812561035,
    2.1708373546600344,
    2.149610900878906,
    2.164045715332031,
    2.181651163101196,
    2.200823259353638,
    2.1928953170776366,
    2.1819878578186036,
    2.209255504608154,
    2.270253372192383,
    2.2118691921234133,
    2.2039132595062254,
    2.2684133529663084,
    2.2391154289245607,
    2.2350829601287843,
    2.3302040100097656,
    2.55331768989563,
    2.6235732555389406,
    2.6601618766784667,
    2.556647300720215,
    2.629319095611572
  ],
  "val_acc": [
    0.35,
    0.35,
    0.35,
    0.35,
    0.0,
    0.25,
    0.1,
    0.05,
    0.05,
    0.05,
    0.05,
    0.05,
    0.05,
    0.1,
    0.05,
    0.1,
    0.15,
    0.1,
    0.0,
    0.0,
    0.0,
    0.0,
    0.0,
    0.05,
    0.05,
    0.0,
    0.0,
    0.0,
    0.0,
    0.0
  ]
}